numero,descripcion,voltaje,campos,equipo,img
5,FIAT TIPO con motores 1.4 y 1.6 - RENAULT 9-11-12-21 - TRAFIC con escobillas,12 Volts,4 Campos,ARGELITE-URUGUAY,campo-1
50,DODGE camion 8 cilindros D100 - 400 - 700 - 900. 3 campos de planchuela y 1 auxiliar. Código 9.001.453.474 - 203 - 01.,12 Volts,4 Campos,ARGELITE-URUGUAY,campo-2
500,DODGE POLARA Modelo 57. 3 campos de planchuela y 1 auxiliar.,12 Volts,4 Campos,AUTOLITE-CHRYSLER,campo-3
505,DODGE 57 (3 campos de planchuela y 1 auxiliar),12 Volts,4 Campos,CHRYSLER,default-card
510,ALFA ROMEO - BMW LARGO. Código 001.311.042. Con escobillas.,12 Volts,4 Campos,BOSCH,campo-4
515,ALFA ROMEO - BMW CORTO. Con escobillas.,12 Volts,4 Campos,BOSCH,default-card
520,AUTO UNIÓN,6 Volts,4 Campos,BOSCH,campo-5
530,AUTO UNIÓN. Modelo OPEL K180,12 Volts,4 Campos,BOSCH,campo-6
535,AUTO UNIÓN,12 Volts,4 Campos,BOSCH,default-card
539,BPD PRINCIPAL,24 Volts,2 Campos,BOSCH,default-card
540,BORDWARD 2.5 Y MERCEDES BENZ 608,12 Volts,4 Campos,BOSCH,campo-7
550,BORWARD 2.5 REFORMA,24 Volts,4 Campos,BOSCH,campo-8
560,BMW CÓDIGO CORTO,12 Volts,4 Campos,BOSCH,campo-9
570,CHEVETTE Modelo 70 al 81 - GM VW - Camiones DODGE 1800 - FORD PICK UP F75 - TRUCKS JEEP MAVERICK 4 y 6 cilindros.,12 Volts,4 Campos,BOSCH,campo-10
580,CHEVETTE DIESEL,12 Volts,4 Campos,BOSCH,campo-11
590,"SCANIA VABIS - VOLVO - FIAT MWM - MBB - CATERPILLAR - ATLAS - COPCO - CUMMINS - KOMATSU - MAXION - JI CASE DELCO REMY - HEINCHEL. Con equipo ALFKB LARGO 5,5 KW. Con auxiliares internos.",24 Volts,4 Campos,BOSCH,campo-12
5000,SCANIA VABIS TURBO BR 116 - FIAT IVECO - Camiones 160 y 21. Con equipo ALFKB CORTO. Con auxiliares internos.,24 Volts,4 Campos,BOSCH,campo-13
5010,"SCANIA VABIS - VOLVO - CAMION FH 12 - FIAT IVECO. Camion EURO TRAKKER con motor 8210 42L-8210 42K 5,5KW. Con equipo ALFKB MEDIANO. Con auxiliares internos.",24 Volts,4 Campos,BOSCH,campo-14
5020,FIAT FERROCARRIL COCHE MOTOR. Con auxiliares internos.,72 Volts,6 Campos,BOSCH,campo-15
5030,FIAT 150 TURBO,24 Volts,4 Campos,BOSCH,campo-16
5040,FIAT DUNA - SPAZIO - UNO - 147 - FORD GALAXY. Con salida pasacable y escobillas,12 Volts,4 Campos,BOSCH,campo-17
5050,FIAT DUNA - SPAZIO - UNO - 147 - FORD GALAXY. Con salida pasacable y escobillas. REFORZADO para GNC,12 Volts,4 Campos,BOSCH,campo-18
5060,FIAT DUNA - DUCATTO - 147 - SPAZIO. Con motor 1700 GASOLERO,12 Volts,4 Campos,BOSCH,campo-19
5070,FORD TRANSIT - PEUGEOT BOXER,12 Volts,4 Campos,BOSCH,campo-20
5080,FORD TAUNUS y GRANADA,12 Volts,4 Campos,BOSCH,campo-29
5090,FORD ESCORT XR3 (ingles) - PEUGEOT 504 Modelo 80. Con escobillas.,12 Volts,4 Campos,BOSCH,campo-30
5100,FORD OM. Con motor ALEMAN,12 Volts,4 Campos,BOSCH,campo-21
5110,FORD OM. Con motor ALEMAN,24 Volts,4 Campos,BOSCH,campo-22
5120,HONDA,12 Volts,4 Campos,BOSCH,campo-23
5125,HONDA GNC,12 Volts,4 Campos,BOSCH,default-card
5130,B.N.G. PRINCIPAL - MERCEDES BENZ 1112 - 1114 - 3500 - MAN - MAGIRUZ DEUTZ HANOMAG TRACTOR - FIAT SOMECA TRACTOR,12 Volts,2 Campos,BOSCH,campo-24
5140,B.N.G. PRINCIPAL - MERCEDES BENZ 1112 - 1114 - 3500 - MAN (REFORZADO),24 Volts,2 Campos,BOSCH,campo-25
5150,MERCEDES BENZ JEEP. Con colector FRONTAL. Código 001.318.004,24 Volts,4 Campos,BOSCH,campo-26
5160,MERCEDES BENZ KE. Código 000.142.011,24 Volts,4 Campos,BOSCH,campo-27
5170,MERCEDEZ BENZ 220. Giro derecho,12 Volts,4 Campos,BOSCH,campo-28
5180,MERCEDES BENZ 280 TURBO,12 Volts,4 Campos,BOSCH,campo-31
5190,MERCEDES BENZ 220 DIESEL UNIMOG CORTO - OPEL ASCONAJE. Puente de 1 agujero.,12 Volts,4 Campos,BOSCH,campo-32
5200,MERCEDES BENZ Camiones SUPER TORKE del 1632 al 1938 y OMNIBUS 374 y 449. Con TORNILLO y auxiliares internos.,24 Volts,4 Campos,BOSCH-WAPSA,campo-33
5210,MERCEDES BENZ Camiones SUPER TORKE con motor VW CUMMINS. Con TORNILLO y auxiliares internos.,12 Volts,4 Campos,BOSCH-WAPSA,campo-34
5220,MERCEDEZS BENZ UNIMOG LARGO,12 Volts,4 Campos,BOSCH,campo-35
5230,MERCEDES BENZ 921 UNIMOG LARGO y SCANIA P93 y P94,24 Volts,4 Campos,BOSCH,campo-36
5240,MERCEDES BENZ Modelo 86 - FIAT 150 TURBO DIESEL,12 Volts,4 Campos,BOSCH,default-card
5250,MERCEDES BENZ 1114 y 1517 - ZANELLO TRACTOR JF. Puente de 2 agujeros. Código 9.001.083.575,12 Volts,4 Campos,BOSCH-BRASIL,campo-38
5260,MERCEDES BENZ 1114 y 1517 - ZANELLO TRACTOR. JF. Puente de 2 agujeros. Con escobillas. Código 9.000.083.575,12 Volts,4 Campos,BOSCH BRASIL,campo-39
5265,MERCEDES BENZ 1114 y 1517 - ZANELLO TRACTOR. JF. Puente de 1 agujero. Con escobillas. Código 9.000.083.588,12 Volts,4 Campos,BOSCH BRASIL,campo-40
5270,MERCEDES BENZ 1114 y 1517 JF - Modelo Moderno. Puente de 1 agujero. Código 9.000.083.588,12 Volts,4 Campos,BOSCH BRASIL,campo-41
5280,MERCEDES BENZ 1114 y 1517 JF. Puente de 2 agujeros. Código 9.001.083.491.,24 Volts,4 Campos,BOSCH BRASIL,campo-42
5290,MERCEDES BENZ 1114 y 1517 JF. Modelo Moderno. Puente de 1 agujero. Código 9.001.083.574,24 Volts,4 Campos,BOSCH BRASIL,campo-43
5300,MERCEDES BENZ 250 - 280. Código 001.311.042,12 Volts,4 Campos,BOSCH ESPAÑOL,campo-44
5310,MERCEDES BENZ Y JHON DEERE 4 PS,24 Volts,4 Campos,BOSCH ESPAÑOL,campo-45
5320,MERCEDES BENZ 180 UTILITARIO.,12 Volts,4 Campos,BOSCH ESPAÑOL,campo-46
5320,MERCEDES BENZ 180 UTILITARIO. Con PLAQUETA,12 Volts,4 Campos,BOSCH ESPAÑOL,campo-46
5330,MERCEDES BENZ Y JHON DEERE 4 PS,12 Volts,4 Campos,BOSCH ITALIANO,campo-47
5335,FIAT IVECO,12 Volts,4 Campos,MARELLI,default-card
5336,FIAT IVECO,24 Volts,4 Campos,MARELLI,default-card
5340,MERCEDES BENZ Y JHON DEERE 4 PS,24 Volts,4 Campos,BOSCH ITALIANO,campo-48
5350,MONZA NAFTERO,12 Volts,4 Campos,BOSCH,campo-49
5360,OPEL 1100 y SAAB 96,12 Volts,4 Campos,BOSCH,campo-50
5370,PERKINS PICK UP CHEVROLET - FORD JF Pequeño VALMET. PEOUEOT 505 DIESEL,12 Volts,4 Campos,BOSCH BRASIL,campo-51
5380,PEUGEOT 205 - 405,12 Volts,4 Campos,BOSCH,campo-52
5390,RENAULT 9-11-18-19-21 y TRAFICC - VOLKSWAGEN - MWM - FIAT 147 SPAZIO (NAFTERO) - CHEVETTE 1600 - PEUGEOT 504 - 505 - FORD LASER - SAVEIRO Naftero con escobillas.,12 Volts,4 Campos,BOSCH,campo-53
5390,RENAULT 9-11-18-19-21 y TRAFICC - VOLKSWAGEN - MWM - FIAT 147 SPAZIO (NAFTERO) - CHEVETTE 1600 - PEUGEOT 504 - 505 - FORD LASER - SAVEIRO Naftero con escobillas. CON PLAQUETA,12 Volts,4 Campos,BOSCH,campo-53
5400,ZANELLO TRACTOR,12 Volts,4 Campos,BOSCH BRASIL,default-card
5410,VOLKSWAGEN GOL - POLO - PASSAT Con escobillas,12 Volts,4 Campos,BOSCH BRASIL,campo-54
5420,VOLKSWAGEN PASSAT 1300 - 1500 - 1600. con escobillas. MODELO LARGO,12 Volts,4 Campos,BOSCH BRASIL,campo-55
5430,VOLKSWAGEN KONBI - SEDAN 1300 - 1500 GHIA - TL - TC - (MWV) -12. Con escobillas.,12 Volts,4 Campos,BOSCH BRASIL,campo-56
5440,VOLKSWAGEN COCHE - FURGON O KOMBI M.51 ESCARABAJO O FUSCA,6 Volts,4 Campos,BOSCH BRASIL,campo-57
5450,VOLSWAGEN COCHE - FURGO O KOMBI MOD. 51 FUSCA O ESCARABAJO REFORMA,12 Volts,4 Campos,BOSCH BRASIL,campo-58
5451,ESCARABAJO,12 Volts,4 Campos,BOSCH BRASIL,default-card
5460,RASTROJERO IME INDENOR MERCEDEZ BENZ 170 - Con arandelas y aislaciones REFORZADO con flexible,12 Volts,4 Campos,BOSCH-IME,campo-59
5470,RESTROJERO DIESEL E.J.D (REFORZADO) IME INDENOR MERCEDES BENZ 170 - 180,12 Volts,4 Campos,BOSCH,campo-60
5480,AUTO ELEVADOR CLARK motor BMW HITACHI - MERCEDES BENZ UTILITARIO Modelo 86 en adelante,12 Volts,4 Campos,BOSCH-HITACHI,campo-61
5490,ZETOR GRANDE,12 Volts,4 Campos,BOSCH,default-card
5495,ZETOR MODELO NUEVO,12 Volts,4 Campos,BOSCH,default-card
5500,C.A.V.SACNIA VABIS Modelo 66 (2 PRINCIPALES),24 Volts,2 Campos,C.A.V.,campo-63
5501,SCANIA BOSCH-SERIE 5.ELECTRONICO,24 Volts,4 Campos,ELECTRONICO,default-card
5510,MERCEDES BENZ MUSSO PICK UP 4x4 DIESEL 5 CILINDROS.Codigo de arranque 661 151 310,12 Volts,4 Campos,DAEWO,default-card
5520,AUTOLITE - DODGE FARGO - AUTOMOVIL O CAMION CON SOLENIODE,6 Volts,2 Campos,DELCO REMY,campo-65
5530,AUTOLITE - DODGE FARGO - AUTOMOVIL O CAMION CON SOLENIODE REFORMA,12 Volts,2 Campos,DELCO REMY,campo-66
5540,AUTOLITE - DODGE FARGO - AUTOMOVIL O CAMION SIN SOLENIODE,6 Volts,2 Campos,DELCO REMY,campo-67
5550,AUTOLITE - DODGE FARGO - AUTOMOVIL O CAMION SIN SOLENIODE REFORMA,12 Volts,2 Campos,DELCO REMY,campo-68
5560,CHEVROLET BRONCO CANADIENSE,12 Volts,4 Campos,DELCO REMY,default-card
5570,CASE LINCOLN TRACTOR. CON TORNILLO GRUESO LARGO,24 Volts,4 Campos,DELCO REMY,campo-70
5575,CASE LINCOLN CON TORNILLO FINO LARGO,12 Volts,4 Campos,DELCO REMY,campo-71
5580,CASE TRACTOR CON TORNILLO LARGO,12 Volts,4 Campos,DELCO REMY,campo-72
5590,CASE TRACTOR CON TORNILLO FINO LARGO,24 Volts,4 Campos,DELCO REMY,campo-73
5610,CHEVROLET CAMION O PICK-UP ( Eq. IMPORTADO),12 Volts,4 Campos,DELCO REMY,campo-74
5620,CHEVROLET VECTRA,12 Volts,4 Campos,DELCO REMY,default-card
5630,DELCO REMY CAMION APACHE 55 - 57 ( SIN SOLENOIDE),12 Volts,4 Campos,DELCO REMY,campo-76
5640,DELCO REMY COCHE 55 - 57 (CON SOLENOIDE),12 Volts,4 Campos,DELCO REMY,campo-77
5650,DELCO REMY (CÓDIGO DR 1949109 - 1945109 - 1971839 - 19774778),12 Volts,4 Campos,DELCO REMY,campo-78
5660,DELCO REMY Modelo 57 al 59,12 Volts,4 Campos,DELCO REMY,campo-79
5670,JHON DEERE (DOBLE PUENTE - BULON GRUESO),12 Volts,4 Campos,DELCO REMY,campo-80
5680,JHON DEERE 730 MAQUINAS VIALES,12 Volts,4 Campos,DELCO REMY,campo-81
5690,DELCO REMY OPALA 4 y 6 CILINDROS ALCOHOL Y NAFTA CATERPILLAS AUTOELEVADOR - JOHN DEERE - CLARK - CASE,12 Volts,4 Campos,DELCO REMY,campo-82
5700,OPEL 2000 NAFTA,12 Volts,4 Campos,DELCO REMY,campo-83
5710,OPEL 2.0,12 Volts,4 Campos,DELCO REMY,campo-84
5720,SILVERADO 10 MT. Código 1877306-1965730-1976129-10470770-10496643-D4223-D4227-D4264,12 Volts,4 Campos,DELCO REMY,campo-85
5721,DELCO REMY CAMION RUSO,24 Volts,4 Campos,DELCO REMY,default-card
5730,DELCO REMY COD. SD 210 - SD260,12 Volts,4 Campos,DELCO REMY,campo-86
5740,DELCO REMY COD. SD 205 - SD 255,12 Volts,4 Campos,DELCO REMY,campo-87
5750,DELCO REMY COD. SD 255,12 Volts,4 Campos,DELCO REMY,campo-88
5760,DELCO REMY 10 MT,12 Volts,4 Campos,DELCO REMY,campo-89
5780,DELCO REMY 10 MT. Código 1974375,12 Volts,4 Campos,DELCO REMY,campo-90
5790,DELCO REMY 20 MT - 25MT. Código 189118 - 1955951 - 1956384,12 Volts,4 Campos,DELCO REMY,campo-91
5800,DELCO REMY 20 MT - 25 MT. Código 1960853,12 Volts,4 Campos,DELCO REMY,campo-92
5810,DELCO REMY 20 MT - 25 MT. Código 1960854 (GIRO IZQUIERDO),13 Volts,5 Campos,DELCO REMY,default-card
5820,DELCO REMY 27 MT 7K9 (110582). Código 1978123 - D4239,12 Volts,4 Campos,DELCO REMY,campo-93
5830,DELCO REMY MT 28,12 Volts,4 Campos,DELCO REMY,campo-94
5831,DELCO REMY MT 29,12 volts,4 campos,DELCO REMY,default-card
5840,DELCO REMY MT 28,24 Volts,4 Campos,DELCO REMY,campo-95
5841,DELCO REMY MT 29,24 volts,4 campos,DELCO REMY,default-card
5842,MERCEDES BENZ ELECTRONICO.914-1633.CON ARRANQUE 10479626/660.DELCO REMY CAMION 712C 28 MT,24 volts,4 campos,DELCO REMY,default-card
5843,DELCO REMY MT 38,24 Volts,4 Campos,DELCO REMY,default-card
5846,DELCO REMY MT 39  MOTOR CUMMINS,12 Volts,4 Campos,EQUIPO MEXICANO,default-card
5850,DELCO REMY 30 MT. Código 1945350 - D4218,12 Volts,4 Campos,BOSCH,campo-96
5860,DELCO REMY 30 MT (CORTO). Código 1951857,12 Volts,4 Campos,BOSCH,campo-97
5861,TRACTOR SACH ARTICULADO,24 Volts,4 Campos,BOSCH,default-card
5870,DELCO REMY 30 MT. Código 1851981,24 Volts,4 Campos,DELCO REMY,campo-98
5890,DELCO REMY 35 MT. Código 1966028 - 1969128 (LARGO),12/24 Volts,4 Campos,DELCO REMY,campo-99
5900,DELCO REMY 35 MT,12 Volts,4 Campos,DELCO REMY,default-card
5910,DELCOI REMY 35 MT-40MT. Código 1945883-1977661,24 Volts,4 Campos,DELCO REMY,campo-101
5920,DELCO REMY 35 MT-40 MT,12 Volts,4 Campos,DELCO REMY,campo-102
5930,DELCO REMY MT 37(2 PRINCIPALES y 2 AUXILIARES SUELTOS). Código 1988328,12 Volts,4 Campos,DELCO REMY,campo-103
5940,DELCO REMY MT 37 LARGO INTERNACIONAL,12 Volts,4 Campos,DELCO REMY,campo-104
5950,DELCO REMY MT 37 LARGON con motor CUMMINS,24 Volts,4 Campos,DELCO REMY,campo-105
5960,DELCO REMY MT 37 (CORTO) 2 PRINCIPALES y 2 AUXILIARES (JUNTOS),24 Volts,4 Campos,DELCO REMY,campo-106
5970,DELCO REMY MT 37 CORTO CATERPILLAR,24 Volts,4 Campos,DELCO REMY,campo-107
5980,DELCO REMY MT 37 CAMION FORD. Código 1985324,12 Volts,4 Campos,DELCO REMY,campo-108
5990,DELCO REMY MT 37 y MT 41 con motor CUMMINS - VW FRONTAL - FORD CARGO,12 Volts,4 Campos,DELCO REMY,campo-109
50000,DELCO REMY 37 MT-41 MT. Código 104.72563,12 Volts,4 Campos,DELCO REMY,campo-110
50005,DELCO REMY MT 41. Código 104.72563,24 Volts,4 Campos,DELCO REMY,default-card
50040,DELCO REMY 40 MTJOHN DEERE 730 (CON TORNILLO),12/24 Volts,4 Campos,DELCO REMY,campo-111
50050,DELCO REMY 40 MT. Código 1946761 - 1978378,12/24 Volts,4 Campos,DELCO REMY,campo-112
50051,DELCO REMY 40 MT. Código 1946761 - 1978378 tornillo al costado,12/24 Volts,4 Campos,DELCO REMY,default-card
50060,DELCO REMY 40 MT . Código 1977661,12 Volts,4 Campos,DELCO REMY,default-card
50070,DELCO REMY 40 MT   Código 1946761,12 Volts,4 Campos,DELCO REMY,default-card
50080,DELCO REMY MT 42. Código 1988442,24 Volts,4 Campos,DELCO REMY,campo-115
50090,DELCO REMY MT 42 (LARGO). CON 2 PRINCIPALES y 2 AUXILIARES,24 Volts,4 Campos,DELCO REMY,campo-116
50100,DELCO REMY MT 42 (CON BULON FINO),12 Volts,4 Campos,DELCO REMY,campo-117
50110,DELCO REMY MT 42 (CON BULON FINO),12/24 Volts,4 Campos,DELCO REMY,campo-118
50120,DELCO REMY 42 MT. CÓDIGO 1988442,12 Volts,4 Campos,DELCO REMY,default-card
50125,DELCO REMY MT 42. Código 1988442,24 Volts,4 Campos,DELCO REMY,campo-120
50130,DELCO REMY MT 42. CÓDIGO  1988111,12 Volts,4 Campos,DELCO REMY,campo-121
50140,DELCO REMY 42 MT,12 Volts,4 Campos,DELCO REMY,campo-122
50150,DELCO REMY 42 MT,24 Volts,4 Campos,DELCO REMY,campo-123
50160,DELCO REMY 42 MT. Código 1988797,24 Volts,4 Campos,DELCO REMY,campo-124
50170,DELCO REMY 42 MT. Código 1988863,12 Volts,4 Campos,DELCO REMY,campo-125
50180,DELCO REMY 37 MT Código 10468110 - VOLKSWAGEN - FORD - CUMMINS - NAVISTAR,12 Volts,4 Campos,DELCO REMY,campo-126
50190,DELCO REMY 50 MT. 6 Campos BUDA -  CATERPILLAR - CUMMINS - CON TORNILLO,24/32 Volts,6 Campos,DELCO REMY,campo-127
50200,DELCO REMY 50 MT CON TORNILLO FINO,24/32 Volts,6 Campos,DELCO REMY,campo-128
50210,DELCO REMY 50 MT . Código 1977820,12 Volts,6 Campos,DELCO REMY,default-card
50220,DELCO REMY 50 MT CÓDIGO 1967345,32 Volts,6 Campos,DELCO REMY,campo-130
50230,DELCO REMY FERROCARRIL (TIPO BUDA ) . 6 Campos,24/32 Volts,6 Campos,DELCO REMY,campo-131
50231,DELCO REMY MOD.48,24 Volts,6 Campos,DELCO REMY,default-card
50240,DELCO REMY SUPER TORKE,12 Volts,4 Campos,DELCO REMY,campo-132
50241,CATERPILLAR CORTO,24 Volts,4 Campos,DELCO REMY,default-card
50242,CATERPILLAR,24 Volts,4 Campos,DELCO REMY CHINO,default-card
50243,CANTERPILLAR CON TORNILLO,24 Volts,4 Campos,DELCO REMY,default-card
50244,CATERPILLAR,12 volts,4 Campos,DELCO REMY,default-card
50245,MOTOCOMPRESOR. tres campos de planchuela y un auxiliar,12 Volts,4 Campos,DELCO REMY,default-card
50246,CARTERPILLAR,24 Volts,4 Campos,DELCO REMY,default-card
50250,CITROEN AMI 8 (6202 C) COL. FRONTAL. Con escobillas,12 Volts,4 Campos,DUCELLIER,campo-133
50260,CITROEN AMI 8 (6202) COL. COMUN. Con escobillas,12 Volts,4 Campos,DUCELLIER,campo-134
50270,CITROEN PALLAS SALIDA ABAJO,12 Volts,4 Campos,DUCELLIER,campo-135
50280,CITROEN PALLAS CX,12 Volts,4 Campos,DUCELLIER,campo-136
50290,CITROEN PALLAS,12 Volts,4 Campos,DUCELLIER,campo-137
50300,PEUGEOT 403-404 (CON EQUIPO ELECTRO-MECANICA CORTO),12 Volts,4 Campos,DUCELLIER-ELECTRO,campo-138
50310,PEUGEOT GASOLERO IMPORTADO (REFORZADO) Código 6109,12 Volts,4 Campos,DUCELLIER,campo-139
50320,PEUGEOT 604 (6237C),12 Volts,4 Campos,DUCELLIER,campo-140
50330,CITROEN FEMSA MOC. 12X - 5KW (CON ESCOBILLAS),12 Volts,4 Campos,FEMSA,campo-141
50331,LANROBER,12 volts,4 Campos,FEMSA,default-card
50340,CITROEN DIANE - CITROEN GS SPECIAL,12 Volts,4 Campos,FEMSACO-FEMSA,campo-142
50350,FIAT 600-1100 - PEUGEOT CHICO y RENAULT 12 - GIRO IZQUIERDO SIN SOLENOIDE,12 Volts,4 Campos,FIAT-FEMSACO,campo-143
50355,FIAT 642 160 N2,24 Volts,2 Campos,MARELLI,default-card
50356,FIAT 619 N,24 Volts,2 Campos,MARELLI,default-card
50360,FIAT 600-750-1100 GIRO DERECHO (CON SOLENOIDE),12 Volts,4 Campos,FIAT O GAREF,campo-144
50370,FIAT 600-1100 - GIRO DERECHO (SIN SOLENOIDE),12 Volts,4 Campos,FIAT-GAREF,campo-145
50380,FIAT 600-1100 - GIRO DERECHO (CON SOLENOIDE),12 Volts,4 Campos,FIAT-GAREF,campo-146
50390,FIAT 1500 COCHE O RURAL (2 PLINCIPALES Y 2 AUXILAIARES),12 Volts,4 Campos,FIAT O GAREF,campo-147
50395,LEVANTA RAMPA (DOS AUXILIARES),12 Volts,4 Campos,NIPPONDENSO,default-card
50396,A.M.J. 5705 BOMBA HIDRAULICA (2 PRINCIPALAS Y 2 AUXILIARES),12 Volts,4 Campos,ISKRA,default-card
50400,FIAT TRACTOR 411 E 115 PRINCIPAL,24 Volts,2 Campos,FIAT,campo-148
50410,FIAT TRACTOR U25 E115,12 Volts,4 Campos,FIAT,campo-149
50420,FORD FALCON (IMPORTADO)4 CAMPOS DE PLANCHUELA Y 1 AUXILIAR INTERNO,12 Volts,4 Campos,FOMOCO,campo-150
50430,FORD MUSTANG IMPORTADO 4 CAMPOS DE PLANCHUELA Y 1 AUXILIAR INTERNO,12 Volts,4 Campos,FOMOCO,campo-151
50440,FORD 350 PICK UP RANGER IMPORTADO 4 CAMPOS DE PLANCHUELA Y 1 AUXILIAR INTERNO,12 Volts,4 Campos,FOMOCO,campo-152
50450,FORD RANGER 150(IMPORTADO) 4 CAMPOS DE PLANCHUELA Y 1 AUXILIAR INTERNO,12 Volts,4 Campos,FOMOCO,campo-153
50460,FORD THAMES,12 Volts,4 Campos,FOMOCO,campo-154
50470,FORD V8 (REFORZADO),6 Volts,4 Campos,FORD,campo-155
50480,FORD GALAXY CON ESCOBILLAS,12 Volts,4 Campos,FORD,campo-156
50490,CHEVROLET (COCHE O CAMION) - OPEL K180,12 Volts,4 Campos,GAREF,campo-157
50500,FIAT 128 - PEUGEOT 404-504-505 - REGATTA 2000 - DUNA DIESEL. Con escobillas pasacables y salida.,12 Volts,4 Campos,GAREF,campo-158
50520,FIAT 128 - PEUGEOT 404-504-505 - REGATTA 2000 - DUNA DIESEL. REFORZADO para GNC. Con escobillas.,12 Volts,4 Campos,GAREF,campo-159
50530,FIAT 125-1500-1600,12 Volts,4 Campos,GAREF,campo-160
50540,FIAT 125 - 1500 - 1600 - LADA (2 PRINCIPALES Y 2 AUXILIARTES CORTOS),12 Volts,4 Campos,MARELLI O GAREF,campo-161
50550,IES SUPER AMERICA,12 Volts,2 Campos,GAREF,campo-162
50560,HITACHI S25 - 125A - 23300 - DODGE RAM,24 Volts,4 Campos,HITACHI,campo-163
50570,MITSUBISHI GD 15 Modelo 91 DIESEL CON REDUCTOR,12 Volts,4 Campos,HITACHI,campo-164
50580,MITSUBISHI GD 15 Modelo 91 DIESEL CON REDUCTOR,24 Volts,4 Campos,HITACHI,campo-165
50590,NISSAN,12 Volts,4 Campos,HITACHI,campo-166
50600,NISSAN GENERADOR DE GRUPO ELECTROGENO ESTACIONARIO,12 Volts,4 Campos,HITACHI,campo-167
50610,TOYOTA - ISUZU PICK UP NAFTERA,12 Volts,4 Campos,HITACHI,campo-168
50620,IVER FRIO - ARRANQUE HITACHI,12 Volts,4 Campos,TERMOKING,default-card
50621,IVER FRIO - ARRANQUE HITACHI (una vuelta menos),12 Volts,4 Campos,TERMOKING,default-card
50630,BEDFORD C.A. 45C y 45D PICK UP - CAMION DIESEL 350 C.A. 45D - FIAT 650-10 TRACTOR C.A. 45 REFORZADO,12 Volts,4 Campos,INDIEL,campo-169
50631,BEDFORD C.A. 45C y 45D PICK UP - CAMION DIESEL 350 C.A. 45D - FIAT 650-10 TRACTOR C.A. 45 REFORZADO (GIRO IZQUIERDO),12 Volts,4 Campos,INDIEL,default-card
50640,CITROEN 3 CV (35255816),12 Volts,4 Campos,INDIEL,campo-170
50650,CITROEN AMI 8 - IES SUPER AMERICA Código  35256033,12 Volts,4 Campos,INDIEL,campo-171
50660,CHEVROLET 400 Y PICK UP - FORD FALCON - TORINO- VALIANT I - II - III - PEUGEOT DIESEL REFORZADO,12 Volts,4 Campos,INDIEL,campo-172
50670,CHEVROLET 400 Y PICK UP - FORD FALCON - TORINO- VALIANT I - II - III - PEUGEOT REFORZADO PARA GNC,12 Volts,4 Campos,INDIEL,campo-173
50680,CHEVROLET FRONTALCON ESCOBILLAS,12 Volts,4 Campos,INDIEL,campo-174
50690,DI TELLA COCHE O PICK UP (REFORZADO),12 Volts,4 Campos,INDIEL,campo-175
50700,DODGE 1500 - PEUGEOT 404-405 - Código 32255979,12 Volts,4 Campos,INDIEL,campo-176
50710,FIAT 125 FRONTAL (CON ESCOBILLAS),12 Volts,4 Campos,INDIEL,default-card
50720,FIAT 128 - RENAULT 12-6-4 - PEUGEOT 2000 PASCABLE - SALIDA COMPLETA,12 Volts,4 Campos,INDIEL,campo-178
50730,FIAT 128 - RENAULT 12-6-4 - PEUGEOT 2000 PASCABLE - SALIDA COMPLETA REFORZADO PARA GNC,12 Volts,4 Campos,INDIEL,campo-179
50740,FORD SIERRA FRONTAL - RENAULT 11-18 - FIAT DUNA - SPAZIO - UNO - FORD ESCORT para GNC CON ESCOBILLAS,12 Volts,4 Campos,INDIEL,campo-180
50750,FORD SIERRA FRONTAL - RENAULT 11-18 - FIAT DUNA - SPAZIO - UNO - FORD ESCORT para GNC CON ESCOBILLAS,12 Volts,4 Campos,INDIEL,campo-181
50760,FIAT 900 PERKINS Eq. AN115 LARGO 6-354 C. P3 - MAGIRUZ DEUTZ CON ARANDELAS Y AISLACION             SUAVE,24 Volts,4 Campos,InDIEL,campo-192
50760,FIAT 900 PERKINS Eq. AN115 LARGO 6-354 C.P3 - MAGIRUZ DEUTZ CON ARANDELAS Y AISLACION,24 Volts,4 Campos,INDIEL,campo-192
50760,FIAT 900 PERKINS Eq. AN115 LARGO 6-354 C. P3 - MAGIRUZ DEUTZ CON ARANDELAS Y AISLACION         ABIERTO,24 Volts,4 Campos,INDIEL,campo-192
50767,FIAT 900 PERKINS Eq. AN115 LARGO 6-354 C. P3 - MAGIRUZ DEUTZ CON ARANDELAS Y AISLACION,24 Volts,4 Campos,INDIEL,default-card
50770,FIAT 1500 Modelo 68 - PEUGEOT 404 Modelo 67 - RENAULT GORDINI,12 Volts,4 Campos,INDIEL,campo-193
50780,FORD F-100 ; F-350 ; F-600 ; F-900 (2 CAMPOS DE PLANCHUELA Y 1 AUXILIAR),12 Volts,3 Campos,INDIEL,campo-194
50790,FORD TAUNUS FRONTAL CON ESCOBILLAS,12 Volts,4 Campos,INDIEL,campo-195
50800,FORD TAUNUS FRONTAL REFORMADO PARA GNC,12 Volts,4 Campos,INDIEL,campo-196
50810,FORD SIEERA 2.3 CON ESCOBILLAS (Código 35257790 M. 93) - FORD ESCORT GUARUYA,12 Volts,4 Campos,INDIEL,campo-197
50830,IKA - ESTANCIERA - JEEP VAQUEANO - UTILITARIO (REFORZADO),6 Volts,2 Campos,INDIEL,campo-198
50840,IKA - BERGANTIN - CHEVROLET NAFTERO - DODGE FARGO- PICK UP - TORINO JEEP IKA - GLADIATOR V y XX,12 Volts,3 Campos,INDIEL,campo-199
50870,PERKINS 6-305 REFORZADO . CON ARANDELAS Y AISLACION,12 Volts,4 Campos,INDIEL,campo-200
50880,PERKINS - MERCEDES BENZ - JOHN DEERE Eq. AN 115 LARGO (REFORZADO) CON ARANDELAS Y AISLACION,12 Volts,4 Campos,INDIEL,campo-201
50890,PERKINS 4-203 Y 3-152 FIAT - JOHN DEERE Y M. FERGUSON CON Eq. AN 115 CORTO (REFORZADO) CON ARANDELAS Y AISLACION,12 Volts,4 Campos,INDIEL,campo-202
50895,AN 115 CORTO (TIPO AN LARGO),12 Volts,4 Campos,INDIEL,default-card
50900,PERKINS CORTO TRACTOR 35256760 CON ARANDELAS Y AISLACION,24 Volts,4 Campos,INDIEL,campo-203
50910,"AN 115 CORTO Modelo 94 CON ESCOBILLAS, AISLACION Y ARANDELAS",12 Volts,4 Campos,INDIEL,campo-204
50920,PERKINS TRACTOR Eq.AN 115 CORTO CON ARANDELAS Y AISLACION,12 Volts,4 Campos,INDIEL,campo-205
50930,PEUGEOT 403*404 Modelo 67 - FIAT 1500 Modelo 68 CHICO,12 Volts,4 Campos,INDIEL,campo-206
50940,RASTROJERO BORGWARD - JHON DEERE 445,12 Volts,4 Campos,INDIEL,campo-207
50950,RASTROJERO DIESEL - PEUGEOT GASOLERO - PICK UP Y FRONTALITO,12 Volts,4 Campos,INDIEL,campo-208
50960,RANAULT DAUPHINE - GORDINI - 4L (REFORZADO),6 Volts,4 Campos,INDIEL,campo-209
50970,RANAULT GORDINI - DAUPHIN - 4L REFORMA A 12V,12 Volts,4 Campos,INDIEL,campo-210
50975,TORINO FRONTAL (CON ESCOBILLAS),12 Volts,4 Campos,INDIEL,default-card
50980,PERKINS MERCEDES BENZ AN 115 LARGO motor MWM BRASILERO Código 352583 M115 CON ESCOBILLAS,12 Volts,4 Campos,INDIEL-WAPSA,campo-211
50990,DUCATTO DIESEL CAMION TATA 608 - 608 MERCEDES BENZ M180 motor MAXION M93,12 Volts,4 Campos,PRESTOLITE-INDIEL,campo-212
51000,CUMMINS ISB 02 - BLUEBIRD INTERNACIONAL - DODGE US,12 Volts,4 Campos,PRESTOLITE-INDIEL,campo-213
51010,VOLKSWAGEN CUMMINS - MERCEDES BENZ OMNIBUS,24 Volts,4 Campos,PRESTOLITE-INDIEL,campo-214
51020,CUMMINS CON ARRANQUE M 100 R Código INDIEL 35260927,24 Volts,4 Campos,PRESTOLITE-INDIEL,campo-215
51030,MWMW BRASIL ARRANQUE M100R CÓDIGO INDIEL 35261085,24 Volts,4 Campos,PRESTOLITE-INDIEL,campo-216
51040,FIAT AGRI 7076,12 Volts,4 Campos,ISKRA,campo-217
51041,TRACTOR NEW HOLLAND,12 Volts,4 Campos,ISKRA CHECOSLOVACO,default-card
51050,ISKRA - LADA 2107 - LAIKA3 CAMPOS DE PLANCHUELA Y 1 AUXILIAR CORTO,12 Volts,4 Campos,RUSO-ISKRA,campo-218
51051,LADA RUSO-LAIKA 3 CAMPOS DE PLANCHUELA Y 1 AUXILIAR LARGO.giro izquierdo,12 Volts,4 Campos,RUSO-ISKRA,default-card
51060,LAIKA 3 CAMPOS DE PLANCHUELA Y 1 AUXILIAR LARGO,12 Volts,4 Campos,RUSO-ISKRA,campo-219
51070,TATA CAMION INDIO,12 Volts,4 Campos,ISKRA-INDIO,campo-220
51070,LEVANTARAMPA 2 PRINCIPALES Y 2 AUXILIARES,12 Volts,4 Campos,ISKRA,default-card
51072,ISKRA MOTOR ELECTRONICO (con escobillas),24 Volts,4 Campos,ISKRA,default-card
51080,BOMBA PETROLERA CON MOTOR TURBO KAWASAKI CON AUXILIARES INTERNOS,42 Volts,6 Campos,KAWASAKI,default-card
51100,LUCAS M 50,12 Volts,4 Campos,LUCAS,campo-222
51110,LUCAS M 50 CON ESCOBILLAS,12 Volts,4 Campos,LUCAS,campo-223
51120,MAHINDRA - JEEP N 26925165 A-7-94-25M-114,12 Volts,4 Campos,LUCAS-TUS-INDIO,default-card
51125,LUCAS TRACTOR,12 Volts,4 Campos,LUCAS,default-card
51130,PERKINS 3 M 127 CON ESCOBILLAS,24 Volts,4 Campos,LUCAS,campo-225
51135,TATA CAMION INDIO,12 Volts,4 Campos,LUCAS-INDIO,default-card
51136,TATA CAMION INDIO (GIRO IZQUIERDO),12 Volts,4 Campos,LUCAS-INDIO,default-card
51140,FIAT TIPO - DUNA - DUCATTO - TEMPRA - NAFTERO,12 Volts,4 Campos,MARELLI,campo-226
51150,FIAT DUCATTO CON ESCOBILLAS Y REDUCCIÓN,12 Volts,4 Campos,MARELLI,campo-227
51160,FIAT PALIO - SIENA - PEUGEOT BOXER,12 Volts,4 Campos,MARELLI-VALEO,campo-228
51160,FIAT PALIO - SIENA - PEUGEOT BOXER (CON PLAQUETA),12 Volts,4 Campos,MARELLI-VALEO,campo-228
51161,ARRANQUE MARELLI PALIO GASOLERO SIENA1.3 MP1,12 Volts,4 Campos,NIPPONDENSO,default-card
51165,MARELLI FIAT PALIO-SIENA 1.3 M.P.I.,12 Volts,4 Campos,BOSCH,default-card
51170,FIAT PALIO - SIENA 16 VALVULAS CON MOTOR LANCIA NAFTERO,12 Volts,4 Campos,MARELLI,campo-229
51180,FIAT PALIO - SIENA - DUNA 1.3 CON ESCOBILLAS,12 Volts,4 Campos,MARELLI,campo-230
51190,FIAT REGATTA 2000 CON ESCOBILLAS,12 Volts,4 Campos,MARELLI,campo-231
51195,TRACTOR FIAT 780 PRINCIPAL,24 Volts,2 Campos,MARELLI,default-card
51200,FIAT 643 PRINCIPAL,24 Volts,4 Campos,MARELLI,default-card
51201,ALFA ROMEO GIULIETTA TI 1300 MODELO 1961,12 Volts,4 Campos,MARELLI,default-card
51202,FIAT IVECO,24 Volts,4 Campos,MITSUBISHI,default-card
51205,RENAULT 12 URUGAUY,12 Volts,4 Campos,MARELLI-URUGUAY,campo-233
51210,AUTOELEVADOR NISSAN (GIRO DERECHO),12 Volts,4 Campos,MITSUBISHI,campo-234
51220,AUTOELEVADOR NISSAN (GIRO IZQUIERDO),12 Volts,4 Campos,MITSUBISHI,campo-235
51230,GENERADOR ONAN-PRAT 191-1949-04,12 Volts,4 Campos,MITSUBISHI,campo-236
51230,MOTOR ONAN MOTO SOLDADORA P216GIRO IZQUIRDO,12 Volts,4 Campos,MITSUBISHI,default-card
51231,HITACHI S25-125A-23300-DODGE RAM,12 Volts,4 Campos,MITSUBISHI,default-card
51232,PEUGEOT 206-306-307.,12 volts,4 Campos,MITSUBISHI,default-card
51235,COMAXU,24 Volts,4 Campos,NIPPONDENSO,default-card
51240,BORGWARD TURBO 2.5 CÓDIGO 41100000,12 Volts,4 Campos,NASHVILLE,campo-237
51250,BORGWARD 2.5 REFORMA,24 Volts,4 Campos,NASHVILLE,campo-238
51260,DEUTZ 4 PS MOTOR PERKINS (411001100),12 Volts,4 Campos,NASHVILLE,campo-239
51270,DEUTZ 913 4 HP - FIAT TURBO 4 PS,24 Volts,4 Campos,NASHVILLE,campo-240
51275,FIAT 150 4 HP 480000004,24 Volts,4 Campos,NASHVILLE,campo-241
51277,RETRO ESCARVADORA MOT. KATMATHSU  MOTOR Nº SA.6.D-125E,24 Volts,4 Campos,NICO,default-card
51280,NISSAN CAMION 3 CAMPOS DE PLANCHUELA Y 1 AUXILIAR,12 Volts,4 Campos,NISSAN,campo-242
51290,NISSAN CORTO,12/24 Volts,4 Campos,NISSAN,campo-243
51290,NISSAN CORTO GIRO IZQUIERDO,12/24 Volts,4 Campos,NISSAN,default-card
51300,NISSAN MONTACARGAS CLARK,12 Volts,4 Campos,NISSAN,campo-244
51310,CHEVETTE MONZA DIESEL,12 Volts,4 Campos,NIPPONDENSO,campo-245
51311,CHEVETTE MONZA DIESEL,12 Volts,4 Campos,NIPPONDENSO,default-card
51320,CHEVROLET LUV - PICK UP - NISSAN - TOYOTA - DINA - CHEVETTE,12 Volts,4 Campos,NIPPONDENSO,campo-246
51321,CUMMINS GRUPO ELECTROGENO,24 Volts,4 Campos,NIPPONDENSO,default-card
51330,DAIHATSU (28000-37503) - DATSUN 1600 - HONDA ACTI CON ESCOBILLAS,12 Volts,4 Campos,NIPPONDENSO,campo-247
51340,DAIHATSU DELTA CAMION TOYOTA CON MOTOR B 1,24 Volts,4 Campos,NIPPONDENSO,campo-248
51350,DAIHATSU CAMION DIESEL 2 PRINCIPALES Y 2 AUXILIARES,12 Volts,4 Campos,NIPPONDENSO,campo-249
51360,DATSUN 120 A CON ESCOBILLAS,12 Volts,4 Campos,NIPPONDENSO,default-card
51365,DATSUN MONTACARGAS NAFTERO,12 Volts,4 Campos,NIPPONDENSO,default-card
51370,DATSUN O MAZDA GRANDE,12 Volts,4 Campos,NIPPONDENSO,campo-251
51380,DAIHATSU GIRO DERECHO (2 PRICIPALES Y 2 AUXILIARES),12 Volts,4 Campos,NIPPONDENSO,campo-252
51390,HONDA ACCORD CON 2 ESCOBILLAS,12 Volts,4 Campos,NIPPONDENSO,default-card
51400,HONDA ACTI COD. (028000-54670) - MAZDA COD. 2800-87503 CON ESCOBILLAS,12 Volts,4 Campos,NIPPONDENSO,campo-254
51410,ISUZU DIESEL 1.8,12 Volts,4 Campos,NIPPONDENSO,campo-255
51420,ISUZU 3.1 Y CHEVROLET LUV GIRO IZQUIERDO,12 Volts,4 Campos,NIPPONDENSO,campo-256
51421,CHEVROLET COM CAMIONETA/CAMION MOTOR IZUZU EZR,24 Volts,4 Campos,NIPPONDENSO,default-card
51430,JOHN DEERE CON REDUCCIÓN,24 Volts,4 Campos,NIPPONDENSO,campo-257
51435,JOHN DEERE CON REDUCCIÓN,12 Volts,4 Campos,NIPPONDENSO,default-card
51440,AUTOELEVADOR CLARK motor MITSUBISHI 2000,12 Volts,4 Campos,NIPPONDENSO,campo-258
51441,AUTOELEVADOR ELECTRONICO,24 Volts,4 Campos,NIPPONDENSO,default-card
51450,MAZDA 3000 - MITSUBISHI - SAPPORO SUPERA - TURING 2000 CON ESCOBILAS,12 Volts,4 Campos,NIPPONDENSO,campo-259
51460,MAZDA CON REDUCCIÓN (SALIDA AL CENTRO),12 Volts,4 Campos,NIPPONDENSO,campo-260
51461,MAZDA RX7,12 volts,4 Campos,NIPPONDENSO,default-card
51465,MAZDA ISUZU AUTO ELEVADOR,12 Volts,4 Campos,NIPPONDENSO,default-card
51470,MITSUBISHI COLT O FORD LAZER CON ESCOBILLAS.,12 Volts,4 Campos,NIPPONDENSO,campo-261
51471,MITSUBISHI COLT O FORD LAZER CON ESCOBILLAS.giro izquierdo,12 volts,4 Campos,NIPPONDENSO,default-card
51475,MITSUBISHI COLT O FORD LAZER LARGO CON ESCOBILLAS,12 Volts,4 Campos,NIPPONDENSO,default-card
51480,MITSUBISHI COLT L-100 L-200 L-300 - MAZDA - KOMBI 1600 (CON ESCOBILLAS),12 Volts,4 Campos,NIPPONDENSO,campo-262
51481,"MITSUBISHI COLT L-200, L-300 - MAZDA - KOMBI 1600 CON ESCOBILLAS GIRO IZQUIERDO",12 Volts,4 Campos,NIPPONDENSO,default-card
51490,MITSUBISHI CANTER CAMION - MITSUBISHI - LANZER MONTACARGAS,24 Volts,4 Campos,NIPPONDENSO,campo-263
51500,MITSUBHISHI CAMION,12 volts,4 Campos,NIPPONDENSO,campo-264
51510,MITSUBHISHI AUTO ELEVADOR  MONTACARGAS,12 volts,4 Campos,NIPPONDENSO,campo-265
51515,MITSUBISHI MONTACARGAS,12 volts,4 Campos,MITSUBISHI,default-card
51520,MITSUBISHI COCHE y CAMION,12 volts,4 Campos,NIPPONDENSO,campo-266
51525,MITSUBISHI MONTACARGAS,12 volts,4 Campos,NIPPONDENSO,default-card
51530,MITSUBISHI MONTACARGAS - TOYOTA CON ESCOBILLAS,12 volts,4 Campos,NIPPONDENSO,campo-267
51540,MITSUBISHI PICK-UP,12 volts,4 Campos,NIPPONDENSO,campo-268
51550,MITSUBISHI - MAZDA- DATSUN - PRINCIPAL Y AUXILIARES,12 volts,4 Campos,NIPPONDENSO,campo-269
51560,MITSUBISHI CANTER CAMION-RENAULT MASTER,12 volts,4 Campos,NIPPONDENSO,campo-270
51565,RENAULT MITSUBISHI CAMION,24volts,4 Campos,NIPPONDENSO,default-card
51570,MITSUBISHI CANTER CAMION,24 Volts,4 Campos,NIPPONDENSO,campo-271
51575,VOLVO CAMION MODELO NUEVO,24 Volts,4 Campos,NIPPONDENSO,default-card
51580,AUTOELEVADOR MITSUBISHI,12 volts,4 Campos,NIPPONDENSO,campo-272
51581,MITSUBISHI,24 Volts,4 Campos,NIPPONDENSO,default-card
51590,AUTOELEVADOR MITSUBISHI,24 Volts,4 Campos,NIPPONDENSO,campo-273
51600,NISSAN,12/24 volts,4 Campos,NIPPONDENSO,campo-274
51610,NISSAN CON ESCOBILLAS,12 volts,4 Campos,NIPPONDENSO,campo-275
51620,NISSAN - MAZDA CON REDUCTOR,24 Volts,4 Campos,NIPPONDENSO,campo-276
51630,NISSAN LARGO,12 volts,4 Campos,NIPPONDENSO,campo-277
51640,NISSAN,24 Volts,4 Campos,NIPPONDENSO,campo-278
51645,OTAWA CON 2 AUXILIARES,12 volts,4 Campos,NIPPONDENSO,default-card
51650,NISSAN,12 volts,4 Campos,NIPPONDENSO,campo-279
51660,NISSAN VANETTE,12 volts,4 Campos,NIPPONDENSO,campo-280
51661,NISSAN,12 Volts,4 Campos,NIPPONDENSO,default-card
51680,TOYOTA CELICA CORTO,12 volts,4 Campos,NIPPONDENSO,campo-281
51690,TOYOTA 2000 PICK-UP 28100-34070,12 volts,4 Campos,NIPPONDENSO,campo-282
51700,TOYOTA 2200 DIESEL (28100-54061 R),12volts,4 Campos,NIPPONDENSO,campo-283
51702,TOYOTA 2000 PICK-UP 28100-34070,24 Volts,4 Camos,NIPONDENSO,default-card
51710,TOYOTA CELICA O COROLA,12 volts,4 Campos,NIPPONDENSO,default-card
51720,TOYOTA CON REDUCCIÓN (SALIDA  AL COSTADO),24 Volts,4 Campos,NIPPONDENSO,campo-285
51730,TOYOTA CON REDUCCIÓN (SALIDA  AL CENTRO),12 Volts,4 Campos,NIPPONDENSO,campo-286
51735,TOYOTA CERRADO-ISUZU MAZDA,12 volts,4 Campos,NIPPONDENSO,default-card
51740,TOYOTA,12 volts,4 Campos,NIPPONDENSO,campo-287
51741,LANCHA MOTOR MITSUBISHI,12 Volts,4 Campos,NIPPONDENSO,default-card
51742,TOYOTA GILUN,12 volts,4 Campos,NIPPONDENSO,default-card
51743,JUEYIN,24 Volts,4 Campos,NIPPONDENSO,default-card
51750,"TOYOTA CON REDUCCIÓN ABIERTO, (SALIDA AL MEDIO)",24 Volts,4 Campos,NIPPONDENSO,default-card
51751,TOYOTA CON REDUCCIÓN ABIERTO (SALIDA AL MEDIO),12 Volts,4 Campos,NIPPONDENSO,default-card
51755,TOYOTA (2 PRINCIPALES Y 2 AUXILIARES),24 Volts,4 Campos,NIPPONDENSO,default-card
51770,CITROEN VISADSE 154 S,12 Volts,4 Campos,PARIS RHONE,campo-288
51780,CITTROEN SUPER DSE 107,12 Volts,4 Campos,PARIS RHONE,campo-289
51790,CITROEN VISA 4 - RENAUL 5,12 Volts,4 Campos,PARIS RHONE,campo-290
51800,CITROEN CX PALLAS,12 Volts,4 Campos,PARIS RHONE,campo-291
51810,PANHARI N D10-E69,24 Volts,4 Campos,PARIS RHONE,default-card
51820,PEUGEOT 504 NAFTERO E.124,12 Volts,4 Campos,PARIS RHONE,campo-293
51830,PEUGEOT D9 E 36,12 Volts,4 Campos,PARIS RHONE,campo-294
51840,PEUGEOT D9E 156 9 (REFORZADO),12 Volts,4 Campos,PARIS RHONE,campo-295
51845,ARRANQUE RENAUL MEDALLON,12 Volts,4 Campos,PARIS RHONE,default-card
51850,PEUGEOT GASOLERO (REFORZADO),12 Volts,4 Campos,PARIS RHONE,campo-296
51860,RENAUL 18 Y FUEGO - DACIA CON ESCOBILLAS Y SALIDA COMPLATA,12 Volts,4 Campos,PARIS RHONE,campo-297
51870,RENAULT 18 Y FUEGO - DACIA - Con escobillas y salida completa. REFORZADO para GNC,12 volts,4 Campos,PARIS RHONE,campo-298
51880,ARGELITE (2 CAMPOS PRINCIPALES y 1 AUXILIAR),12 volts,3 Campos,PRESTOLITE,campo-299
51890,ARGELITE (3 CAMPOS DE PLANCHUELA Y 1 AUXILIAR),12 Volts,4 Campos,PARIS RHONE,campo-300
51891,ARGELITE.3 campos planchuela y 1 auxiliar,24 Volts,4 Campos,PRESTOLITE,default-card
51900,BORWARD TURBO 2.5,12 Volts,4 Campos,RHOER,campo-301
51910,BORWARD TURBO 2.6,24 Volts,4 Campos,RHOER,campo-302
51920,SHANGAY TRACTOR,12 Volts,4 Campos,SHANGAY,default-card
51930,GRUA CATO (REFORZADO),12 Volts,4 Campos,SAWAFUJI,default-card
51940,AUTO UNIÓN D. - PEUGEOT 403,6 Volts,4 Campos,TAMATEL,campo-305
51950,CITTROEN 2CV DBL 20,6 Volts,4 Campos,TAMATEL,campo-306
51960,CITROEN 3CV,12 Volts,4 Campos,TAMATEL,campo-307
51970,SIMCA,12 volts,4 Campos,TAMATEL,default-card
51971,ARRANQUE AIRE ACONDICIONADO,12 volts,4 Campos,TERMOKING,default-card
51972,EQUIPO DE FRIO,12 volts,4 Campos,TERMOKING,default-card
51980,JHOMAR - FRIO TERMOKING 2 CILINDROS,12 Volts,4 Campos,TERMOKING,campo-309
51981,BARREDORA VIAL,36 Volts,4 Campos,TERMOKING,default-card
51985,LEVANTA RAMPAS(COLECTIVO) 2 campos planchuela y 2 auxiliar.,24 Volts,4 Campos,TREPEL ALEMAN,default-card
51990,DODGE /4 CAMPOS DE PLANCHUELA),12 Volts,4 Campos,TRIA-CHRYSLER,campo-310
52000,DODGE 1500 - PEUGEOT 404-504 LARGO,12 Volts,4 Campos,TRIA FEMSACO,campo-311
52010,DODGE 1500 (LARGO) Con salida pasacables y escobilla,12 volts,4 Campos,TRIA,campo-312
52020,FORD ESCORT COLECTOR FRONTAL. Con escobillas,12 volts,4 Campos,TRIA,campo-313
52030,VOLKSWAGEN GACEL - RENAULT 9-11-12-21-TRAFICC. Con salida pasacables y escobilla,12 Volts,4 Campos,TRIA,campo-314
52040,VOLKSWAGEN GACEL - RENAULT 9-11-12-21-TRAFICC. REFORZADO PARA EQUIPO GNC,12 volts,4 Campos,TRIA,default-card
52050,TRIA (COD. 3024-MAC) Para DODGE 1500 - RANAULT 4-6-12 -FIAT 128 - PEUGEOT 404-504 - VW KOMBI,12 volts,4 Campos,TRIA,campo-316
52080,VOLKSWAGEN CARAT CON ESCOBILLAS,12 volts,4 Campos,TRIA,campo-317
52090,3STAR CAMIONES (2 PRINCIPALES Y 1 AUXILIAR),24 Volts,4 Campos,3STAR,campo-318
52091,3STAR CAMIONES (2 PRINCIPALES Y 1 AUXILIAR),12 volts,4 Campos,3STAR,default-card
52100,RENAULT 19 DIESEL - CLIO - PEUGEOT 405 - CITROEN CON REDUCCIÓN,12 volts,4 Campos,VALEO,campo-319
52100,RENAULT 19 DIESEL - CLIO - PEUGEOT 405 - CITROEN CON REDUCCIÓN (CON PLAQUETA),12 Volts,4 Campos,VALEO,default-card
52105,PEUGEOT 206,12 volts,4 Campos,VALEO,default-card
52110,PEUGEOT 405 FRONTAL,12 volts,4 Campos,VALEO,campo-320
52130,RENAULT TRAFICC DIESEL VALEO DR9 REDUCCIÓN CON ESCOBILLAS,12 volts,4 Campos,VALEO,campo-321
52130,RENAULT TRAFICC DIESEL VALEO DR9 REDUCCIÓN CON ESCOBILLAS (CON PLAQUETA),12 volts,4 Campos,VALEO,default-card
52150,PERKINS C10 - CASE - CBT - CLARK - DODGE - FORD - CHEVROLET con motor MWM 4 y 6 cilindros.,12 volts,4 Campos,WAPSA,campo-322
52160,PERKINS C10 - CLARK - DODGE - FORD - CHEVROLET - VALMET con motor MWM con escobillas,12 volts,4 Campos,WAPSA,campo-323
52180,VOLKSAWAGEN SANTANA MW B-25,12 volts,4 Campos,WAPSA,campo-324
52200,VOLKSWAGEN SAVEIRO DIESEL,12 volts,4 Campos,WAPSA,campo-325
52210,BLACK CAMION CHICO,12/24 Volts,4 Campos,WIDIAN,campo-326
52220,BLACK CAMION CHICO,12 volts,4 Campos,WIDIAN,campo-327
52230,BLACK CAMION CHICO,24 Volts,4 Campos,WIDIAN,campo-328
52235,CAMION CHINO,12 volts,4 Campos,WIDIAN,default-card
52240,NIKO AUTOELEVADOR CLARCK,24 Volts,4 Campos,WIDIAN,default-card
52250,JUEYIN CAMION CHINO,24 Volts,4 Campos,WIDIAN,campo-331
52255,JUAEYIN MAQUINA CHINA,24 Volts,4 Campos,WIDIAN,default-card
52256,JUAEYIN MAQUINA CHINA,24 Volts,4 Campos,WIDIAN,default-card
52260,JUEYIN con motor NIKO,12/24 Volts,4 Campos,WIDIAN,campo-332
52270,JUEYIN CAMION CHINO,24 Volts,4 Campos,WIDIAN,default-card
52275,CAMION CHINO (2 PRINCIPALES Y 2 AUXILIARES),24 Volts,4 Campos,NIPPONDENSO,default-card
52280,HILLMAN,12 volts,4 Campos,WIDIAN,default-card
52290,KOMATSU MONTACARGAS,24 Volts,4 Campos,NIPPONDENSO,default-card
52300,RENAULT 13 V,12 volts,4 Campos,,campo-336
52310,LEVATA RAMPA OMNIBUS 2 AUXILIARES 2 PRINCIPALES,24 volts,4 Campos,,campo-337
55513,B.N.G. REFORZADO ESPECIAL ARGON,12 volts,2 Campos,BOSCH,default-card
55517,B.N.G. REFORZADO (ARGON),24 Volts,2 Campos,BOSCH,default-card
55531,V.P.S. VOLVO - PEGASO - SKODA,24 Volts,2 Campos,BOSCH,default-card
55541,C.A.V. LEYLAND,24 Volts,2 Campos,C.A.V.,default-card
55545,C.A.V. F239,24 Volts,2 Campos,C.A.V.,default-card
55563,FIAT 619 N,24 Volts,2 Campos,FIAT,default-card
55564,FIAT 642 N 2,24 Volts,2 Campos,FIAT,default-card
55567,FIAT 643,24 Volts,2 Campos,FIAT,default-card
55571,FIAT 682,24 Volts,2 Campos,FIAT,default-card
55572,FIAT 780R TRACTOR,24 Volts,2 Campos,FIAT,default-card
55573,FIAT SOMECA TRACTOR,12 volts,2 Campos,BOSCH,default-card
55575,FIAT 411 TRACTOR,24 Volts,2 Campos,FIAT,default-card
55576,FIAT 1500,12 volts,2 Campos,FIAT O GAREF,default-card
55580,FORD F-100 ; F-350 ; F-600 ; F-900,12 volts,1 Campo,INDIEL,default-card
55584,HONOMAG,12 volts,2 Campos,BOSCH,default-card
55645,SCANIA VABIS M. 66 (REFORZADO),24 Volts,2 Campos,C.A.V.,default-card
55678,FIAT 125 IMPORTADO,12 volts,2 Campos,FIAT,default-card
552010,AUTO UNIÓN L.J/G.E.H.,6 Volts,2 Campos,BOSCH,default-card
552020,BEDFORD DIESEL IKA,12 Volts,2 Campos,INDIEL,default-card
552030,BEDFORD DIESEL,12 Volts,2 Campos,LUCAS,default-card
552030,BEDFORD,12 Volts,2 Campos,LUCAS,default-card
552035,BERGATIN IKA,12 Volts,2 Campos,INDIEL,default-card
552040,BORGWARD L.J/G.E.H.,6 Volts,2 Campos,BOSCH,default-card
552054,CITRÖEN,6 Volts,4 Campos,TAMATEL,default-card
552055,CITRÖEN,12 Volts,4 Campos,TAMATEL,default-card
552080,CHEVROLET 40 - 80 REFORMA A 12V,12 Volts,2 Campos,DELCO REMY,default-card
552090,CHEVROLET 400,12 Volts,2 Campos,INDIEL,default-card
552100,DEUTZ 30 - 45 L.J/S.J.J.,12 Volts,4 Campos,BOSCH,default-card
552110,DEUTZ 60 - 75 L.J./S.K.,12 Volts,4 Campos,BOSCH,default-card
552119,FIAT 600 B 90,12 Volts,2 Campos,FIAT,default-card
552139,FIAT TRACTOR 411 D 115,24 Volts,2 Campos,FIAT,default-card
552142,FIAT TRACTOR 780,24 Volts,2 Campos,INDIEL,default-card
552150,FIAT 682 D 115,24 Volts,2 Campos,FIAT,default-card
552155,FIAT 780 D 90,12 Volts,2 Campos,FIAT,default-card
552158,FIAT 780 D 115,24 Volts,2 Campos,FIAT,default-card
552165,FIAT 1100,12 Volts,2 Campos,FIAT,default-card
552175,FIAT 1500 D 115,12 Volts,2 Campos,FIAT,default-card
552220,FORD CAMION,12 Volts,2 Campos,INDIEL,default-card
552225,FORD FALCON,12 Volts,2 Campos,INDIEL,default-card
552235,FORD TAUNUS L.J./G.E.H.,6 Volts,2 Campos,BOSCH,default-card
552253,HANOMAG R 40 - 45 - 55 L.J./G.J.J.,12 Volts,4 Campos,BOSCH,default-card
552256,HANOMAG R 60 - 70 L.J/G.K.,12 Volts,4 Campos,BOSCH,default-card
552300,IKA,6 Volts,2 Campos,INDIEL,default-card
552305,IKA,12 Volts,2 Campos,INDIEL,default-card
552330,JOHN DEERE,12 Volts,2 Campos,DELCO REMY,default-card
552332,JONH DEERE,24 Volts,2 Campos,DELCO REMY,default-card
552334,JOHN DEERE 445,12 Volts,2 Campos,INDIEL,default-card
552335,JOHN DEERE,24 Volts,2 Campos,INDIEL,default-card
552354,LEYLAND F 221 OMNIBUS,24 Volts,4 Campos,C.A.V.,default-card
552360,L.J/G.K.,12 Volts,4 Campos,BOSCH,default-card
552365,L.J/G.K.,24 Volts,4 Campos,BOSCH,default-card
552370,L.J/G.K. CON RESISTENCIA,24 Volts,4 Campos,BOSCH,default-card
552372,L.J/G.Q.L.,12 Volts,4 Campos,BOSCH,default-card
552373,L.J/G.Q.L.,24 Volts,4 Campos,BOSCH,default-card
552374,L.J/G.Q.L. CON RESISTENCIA,24 Volts,4 Campos,BOSCH,default-card
552405,MERCEDES BENZ 317 L.J/G.T.L.,12 Volts,4 Campos,BOSCH,default-card
552420,MERCEDES BENZ 3500 L.J/G.K.,12 Volts,4 Campos,BOSCH,default-card
552430,MERCEDES BENZ 6600 L.J/G.K.,24 Volts,4 Campos,BOSCH,default-card
552440,MERCEDES BENZ 321L.J/G.Q.L.,12 Volts,4 Campos,BOSCH,default-card
552450,MERCEDES BENZ 321L.J/G.Q.L.,24 Volts,4 Campos,BOSCH,default-card
552515,OPEL L.J/G.E.H.,6 Volts,2 Campos,BOSCH,default-card
552530,PEUGEOT 403 - 404,12 Volts,2 Campos,INDIEL,default-card
552550,RAMBLER,12 Volts,2 Campos,INDIEL,default-card
552562,RASTROJERO L.J/G.E.G.,12 Volts,2 Campos,BOSCH,default-card
552605,SCANIA VABIS CHICO L.J/G.K.,24 Volts,4 Campos,BOSCH,default-card
552610,SCANIA VABIS CHICO L.J/G.K. CON RESISTENCIA,24 Volts,4 Campos,BOSCH,default-card
552615,SCANIA VABIS GRANDE L.J/G.Q.L.,24 Volts,4 Campos,BOSCH,default-card
552660,VOLKSWAGWEN L.J/G.E.H.,6 Volts,2 Campos,BOSCH,default-card
552740,ZETOR L.J/G.K.,12 Volts,4 Campos,BOSCH,default-card
556001,IBER - FRIO,12 Volts,2 Campos,FEMSA,default-card
55217,DINAMO VOLKSWAGEN BRASIL,12 volts,2 Campos,,default-card
52221,JUEYIN CAMION CHINO,24 volts,4 campos,WIDIAN,default-card
50630,BEDFORD C.A 45C Y 45D PICK UP -CAMION DIESEL 350 C.A.45D- FIAT 650-10 TRACTOR C.A 45 REFORZADO GIRO IZQUIERDO,12 volts,4campos,INDIEL,default-card
5191,MERCEDES BENZ 220 DIESEL UNIMOG CORTO - OPEL ASCONAJE.puente de 1 agujero,24 volts,4 campos,BOSCH,default-card
51162,FIORINO DENSO,12 volts,4 campos,MARELLI,default-card
51705,TOYOYA 2200 DIESEL 28100-54061 R,24 volts,4 campos,NIPPONDENSO,default-card
51526,ARRANQUE KIA,12 volts,4 campos,JIUNDAY,default-card
51706,ARRANQUE TOYOTA AUTO ELEVADOR,24 volts,4 campos,Nipondenso,default-card
51521,MITSUBISHI COCHE Y CAMION CON CHICOTE,12 volts,4 campos,NIPPONDENSO,default-card
51501,MOTOR DE ARRANQUE MITSUBISHI PARA MERCEDES BENZ CARROCERIA O500,24 volts,4 campos,NIPPONDENSO,default-card
50246,MAQUINA CATERPILLER,24 volts,4 campos,DELCO REMY,default-card
51042,FIAT AGRI 7076,12 volts,4 campos,ISKRA,default-card
51502,MITSUBISHI CANTER modelo viejo,24 volts,4 campos,NIPPONDENSO,default-card
51982,JHOMAR-FRIO TERMOKING 2 CILINDROS,24 volts,4 campos,TERMOKING,default-card
51781,CITROEN SUPER DSE 107 GIRO IZQUIERDO,12 volts,4 campos,PARIS RHONE,default-card
5380,PEUGEOT 205-405,12 volts,4 campos,BOSCH,default-card
51581,MITSUBISHI CON CHICOTE,24 volts,4 campos,NIPPONDENSO,default-card
51701,TOYOTA AUTO ELEVADOR,12 volts,,NICOLAS AMATO,default-card
50731,RENAULT CAMION GRANDE,24 volts,4 campos,INDIEL,default-card
5381,DELCO REMY MT 28 LARGO,12 volts,4 campos,DELCO REMY,default-card
51701,TOYOTA 2200 DIESEL (28100-54061 R) giro izquierdo,12volts,4 campos,NIPPONDENSO,default-card
51631,NISSAN,12volts,4 campos,NIPPONDENSO,default-card
51601,NISSAN,24volts,4 campos,NIPPONDENSO,default-card
51602,NISSAN CENTRA SUPER SALON FULL 92.1.6 16 VALVULAS,12volts,4 campos,NIPPONDENSO,default-card
51163,FIAT MAREA,12volts,4 campos,NIPPONDENSO,default-card
50181,DELCO REMY 37 MT Código 10468110 - VOLKSWAGEN - FORD - CUMMINS - NAVISTAR,24volts,4 campos,DELCO REMY,default-card
51591,AUTOELEVADOR MITSUBISHI,12volts,4 campos,NIPPONDENSO,default-card
51043,TRACTOR NEW HOLLAND MEDIANO,12 Volts,4 Campos,ISKRA CHECOSLOVACO,default-card
52251,MAQUINA MISHI,12 Volts,4 Campos,WIDIAN,default-card
5641,DELCO REMY CLARCK SALIDA LARGA,12 Volts,4 campos,DELCO REMY,default-card
,AN LARGO TOGNON,12 Volts,4 Campos,,default-card
,AN LARGO TOGNON,24 Volts,4 Campos,,default-card
,CUMMINS MEXICANO MT39  ESPECIAL,24 Volts,4 Campos,,default-card
5844,MT 39 ESPECIAL GRANDE,24 Volts,4 Campos,,default-card
,FERROCARRIL SINCAR,,4 Campos,,default-card
,MT 38 CORTO,24 VOLTS,4 Campos,,default-card
,MT 38 LARGO,24 VOLTS,4 Campos,,default-card
,MT 38 CORTO (con carbones),24 VOLTS,4 Campos,,default-card
5845,MT 39 ESPECIAL CHICO,24 VOLTS,4 Campos,,default-card
50881,PERKINS - MERCEDES BENZ - JOHN DEERE Eq. AN 115 LARGO (REFORZADO) CON ARANDELAS Y AISLACION,12 VOLTS,4 campos,INDIEL,default-card
51203,"MITSUBISHI COLECTIVO VOLKSWAGEN Y MERCEDEZ,VOLVO",24 VOLTS,4 Campos,Nipondenso,default-card
51641,NISSAN ESPECIAL UNA VUELTA MENOS,24 VOLTS,4 CAMPOS,,default-card
6,MAGNETI MARELLI    LARGO,12 VOLTS,4 Campos,MARELLI,default-card
5495,SCANIA P 124,24volts,4 campos,bosch,default-card
51731,TOYOTA,12 volts,4 campos,nippondenso,default-card
51721,TOYOTA CON REDUCCION (SALIDA AL COSTADO),12volts,4 campos,NIPPONDENSO,default-card
5501,SCANIA MODELO NUEVO,12/24 volts,4 campos,BOSCH,default-card
51126,LUCAS TRACTOR,12 volts,4 campos,LUCAS,default-card
5502,SCANIA MODELO NUEVO MEDIANO,12/24 VOLTS,4 CAMPOS,BOSCH,default-card
5503,SCANIA MODELO NUEVO CHICO,12/24 VOLTS,4 Campos,BOSCH,default-card
51722,TOYOTA CON REDUCCION CON SALIDA AL COSTA Y ESCOBILLAS,12/24 VOLTS,4 CAMPOS,NIPPONDENSO,default-card
5842,EQUIPO UNIFON MT28,24 VOLTS,4 CAMPOS,UNIFON,default-card
51501,MOTOR DE ARRANQUE MITSUBISHI PARA MERCEDES BENZ CARROCERIA O500,24 volts,4 campos,NIPPONDENSO,default-card
,ARRANQUE DE CAMION HIUNDAI,24 VOLTS,4 CAMPOS,,default-card
52500,FORD 2012 BC 45 1100 IBA F002 G2 2904,24 VOLTS,4 CAMPOS,,default-card